iteration,average_reward,policy_loss,fdm_loss
1 , -35.231734 , 0.000000 , 0.000000
2 , -20.026410 , 0.000000 , 0.000000
3 , -16.199032 , 0.000000 , 0.000000
4 , -13.075728 , 0.000000 , 0.000000
5 , -14.382988 , 0.000000 , 0.000000
6 , -12.861561 , 0.000000 , 0.000000
7 , -15.068206 , 0.000000 , 0.000000
8 , -14.816724 , 0.000000 , 0.000000
9 , -14.987627 , 0.000000 , 0.000000
10 , -15.619503 , 0.000000 , 0.000000
11 , -13.945449 , 0.000000 , 0.000000
