#{"t_start": 1588029796.7582793, "env_id": "CartPole-v0"}
r,l,t
200.0,200,3.767516
