iteration,average_reward
1 , 16.111111
2 , 16.000000
3 , 115.111111
4 , 200.000000
5 , 200.000000
6 , 200.000000
