iteration,total_reward,policy_loss,idm_loss
1 , -23.11682546810245 , 0.06883789 , 0.050324768
