#{"t_start": 1587976266.023889, "env_id": "CartPole-v0"}
r,l,t
200.0,200,3.723688
