iteration,average_reward
1 , -485.851329
2 , -55.162246
3 , -81.306562
4 , -72.116657
5 , -44.803339
6 , -32.548978
7 , -23.813402
8 , -27.775911
9 , -35.996161
10 , -35.281503
11 , -22.639686
12 , -20.338925
13 , -20.483451
14 , -17.746600
15 , -30.129827
16 , -38.010704
17 , -19.538409
18 , -19.186009
19 , -18.972995
