iteration,average_reward
1 , 15.777778
2 , 23.111111
3 , 31.222222
4 , 200.000000
5 , 200.000000
6 , 111.444444
7 , 125.111111
8 , 200.000000
9 , 200.000000
