iteration,average_reward,feedback_rate
1 , 37.444444 , 0.550388
2 , 200.000000 , 0.480000
3 , 200.000000 , 0.004975
4 , 200.000000 , 0.000000
