iteration,total_reward,policy_loss,idm_loss
1 , -107.212467 , 0.072381 , 0.291480
2 , -138.248188 , 0.091696 , 0.072207
3 , -105.018150 , 0.047179 , 0.147969
