iteration,total_reward,policy_loss,idm_loss
1 , -93.513124 , 0.223598 , 0.042744
2 , -103.823018 , 0.253237 , 0.046245
