#{"t_start": 1588026285.0001402, "env_id": "LunarLanderContinuous-v2"}
r,l,t
-130.685191,725,12.392834
-282.012326,128,14.526572
-75.176924,311,19.71205
-209.029248,503,28.098541
12.487451,63,29.1494
-18.284296,477,37.101449
-30.545502,83,38.486058
27.655608,89,39.969718
-93.949751,383,46.355371
-63.298775,77,47.639097
-60.88239,297,52.590811
