#{"t_start": 1588027357.9752831, "env_id": "Reacher-v2"}
r,l,t
-704.518408,490,6.137945
