iteration,total_reward,policy_loss,idm_loss
1 , -183.445377 , 0.158004 , 0.139113
2 , -166.901602 , 0.205275 , 0.021704
3 , -170.965308 , 0.251942 , 0.019581
