iteration,total_reward,policy_loss,idm_loss
1 , -120.359819 , 0.161509 , 0.140055
2 , -117.535287 , 0.176927 , 0.112853
