iteration,average_reward,policy_loss,fdm_loss
1 , 16.000000 , 0.694547 , 0.003302
2 , 16.888889 , 0.692413 , 0.000315
3 , 15.888889 , 0.683166 , 0.000245
4 , 69.000000 , 0.691581 , 0.000676
5 , 64.111111 , 0.681449 , 0.000993
6 , 200.000000 , 0.744753 , 0.000335
7 , 200.000000 , 0.679006 , 0.000403
8 , 200.000000 , 0.685979 , 0.000279
9 , 200.000000 , 0.708215 , 0.000106
10 , 200.000000 , 0.756516 , 0.000104
11 , 200.000000 , 0.770956 , 0.000267
