iteration,average_reward
1 , -950.784658
2 , -106.807976
3 , -578.084559
4 , -622.006243
