iteration,average_reward,feedback_rate
1 , -98.091433 , 0.099796
2 , -34.227088 , 0.099796
3 , -27.603858 , 0.059063
4 , -26.244644 , 0.010695
5 , -25.287678 , 0.033557
6 , -26.304541 , 0.051852
7 , -23.080983 , 0.000000
