iteration,average_reward,feedback_rate
1 , -122.170098 , 0.067210
2 , -81.257668 , 0.048880
3 , -23.024765 , 0.030550
4 , -21.738883 , 0.000000
5 , -25.077310 , 0.006110
6 , -19.820702 , 0.016293
7 , -26.886672 , 0.004505
8 , -23.210480 , 0.005464
9 , -23.738282 , 0.002732
