iteration,average_reward,policy_loss,fdm_loss
1 , -13.645364 , 0.000000 , 0.000000
2 , -10.941016 , 0.000000 , 0.000000
3 , -42.134017 , 0.000000 , 0.000000
4 , -20.551944 , 0.000000 , 0.000000
