iteration,average_reward
1 , -238.381982
2 , -272.086649
3 , -209.751148
4 , 19.326585
5 , -34.694967
6 , 239.386904
7 , 200.610405
8 , 238.514919
