iteration,average_reward
1 , -85.247969
2 , -53.358886
3 , -74.199776
4 , -55.704621
5 , -195.382254
6 , -161.780272
7 , -82.363535
8 , -84.471155
9 , -65.570898
10 , -31.877524
11 , -92.893116
12 , -98.259749
13 , -66.955864
14 , -38.392972
15 , -45.890250
