iteration,total_reward,policy_loss,idm_loss
1 , -39.935939 , 0.081326 , 0.059014
2 , 263.320771 , 0.049082 , 0.082225
3 , 242.592376 , 0.062645 , 0.055939
