iteration,total_reward,policy_loss,idm_loss
1 , -3.022098 , 0.022060 , 0.022930
2 , -13.250323 , 0.116362 , 0.115478
