iteration,average_reward,
1 , -48.672225
2 , -73.283705
3 , -94.724210
4 , -95.043109
5 , -98.573276
