iteration,average_reward,
1 , 15.555556
2 , 16.666667
3 , 15.111111
4 , 16.333333
5 , 16.333333
6 , 16.555556
7 , 18.000000
