iteration,average_reward,
1 , 200.000000
2 , 200.000000
3 , 200.000000
4 , 200.000000
5 , 200.000000
6 , 200.000000
7 , 200.000000
