iteration,total_reward,policy_loss,idm_loss
1 , 9.0 , 0.6936227 , 7.69565e-05
2 , 10.0 , 0.69371974 , 5.529069e-05
