iteration,total_reward,policy_loss,idm_loss
1 , 9.0 , 0.6932181 , 0.00012652406
2 , 8.0 , 0.693048 , 4.9731658e-05
