iteration,total_reward,policy_loss,idm_loss
1 , 200.0 , 0.3378943 , 0.0007224063
2 , 149.0 , 0.34375867 , 0.00017648198
3 , 200.0 , 0.36253884 , 6.736233e-05
