iteration,average_reward,feedback_rate
1 , -88.904585 , 0.114053
2 , -87.256764 , 0.036660
3 , -35.996647 , 0.075356
4 , -76.442220 , 0.050916
5 , -62.015637 , 0.016293
6 , -91.494798 , 0.034623
7 , -123.177364 , 0.083503
8 , -126.385814 , 0.148676
9 , -99.393341 , 0.279022
10 , -90.762868 , 0.301426
11 , -58.699501 , 0.158859
12 , -67.501339 , 0.246851
13 , -54.607696 , 0.085011
14 , -45.390275 , 0.002212
15 , -44.686871 , 0.000000
16 , -47.485526 , 0.000000
