iteration,average_reward
1 , -171.192649
2 , -476.899548
3 , 33.000120
4 , 50.077067
5 , 263.472843
6 , 264.751642
7 , 273.343092
8 , 271.532273
