iteration,average_reward
1 , 15.666667
2 , 50.000000
3 , 130.666667
4 , 200.000000
5 , 200.000000
6 , 200.000000
7 , 200.000000
8 , 200.000000
