iteration,total_reward,policy_loss,idm_loss
1 , 145.0 , 0.35728565 , 0.00055592024
2 , 200.0 , 0.28724048 , 0.00019730759
