iteration,total_reward,policy_loss,idm_loss
1 , -0.466520 , 0.004496 , 0.005221
2 , -1.525877 , 0.016214 , 0.016384
3 , -2.456976 , 0.026623 , 0.026220
