iteration,total_reward,policy_loss,idm_loss
1 , -474.873000 , 0.280126 , 0.064421
2 , -370.327469 , 0.254862 , 0.069396
3 , -231.280102 , 0.296870 , 0.120104
