iteration,total_reward,policy_loss,idm_loss
1 , -659.707403 , 0.202546 , 0.086250
2 , -297.781049 , 0.171481 , 0.036126
