iteration,total_reward,policy_loss,idm_loss
1 , 888.735967098944 , 0.0720753 , 0.0070344387
